week,station_id,station_name,country,alpha_obs,alpha_fct,alpha_error,dom_regime_obs,dom_regime_fct,dom_pct_obs,dom_pct_fct,avg_run_obs,avg_run_fct,max_run_obs,max_run_fct,changes_day_obs,changes_day_fct,n_hours_obs,n_hours_fct,alpha_cli,alpha_residual
2026-03-23,braganca,Bragança,PT,0.314,0.504,0.19,W/SW,NE/E,47.7,60.1,5.2,8.5,71,80,4.59,2.74,392,376,0.44,-0.126
2026-03-23,cagliari,Cagliari,IT,0.305,0.484,0.179,N/NW,N/NW,41.3,50.5,6.1,9.4,19,38,3.86,2.49,392,376,0.42,-0.115
2026-03-23,castelo_branco,Castelo Branco,PT,0.336,0.507,0.171,N/NW,N/NW,34.2,55.1,7.5,9.4,43,53,3.12,2.49,392,376,0.4,-0.064
2026-03-23,coimbra,Coimbra,PT,0.25,0.331,0.081,NE/E,NE/E,35.7,42.8,4.9,6.5,31,53,4.84,3.64,392,376,0.41,-0.16
2026-03-23,evora,Évora,PT,0.423,0.519,0.096,N/NW,N/NW,41.6,52.9,8.9,10.2,32,53,2.63,2.3,392,376,0.46,-0.037
2026-03-23,faro,Faro,PT,0.273,0.302,0.029,NE/E,N/NW,36.0,33.5,6.0,6.8,34,52,3.92,3.45,392,376,0.43,-0.157
2026-03-23,nuoro,Nuoro,IT,0.287,0.723,0.436,NE/E,W/SW,41.6,74.7,5.4,13.9,46,64,4.35,1.66,392,376,0.36,-0.073
2026-03-23,sassari,Sassari,IT,0.354,0.35,-0.004,NE/E,W/SW,55.9,34.6,5.1,7.8,35,42,4.65,3.0,392,376,0.39,-0.036
2026-03-23,braganca,Bragança,PT,0.313,0.502,0.189,W/SW,NE/E,47.6,60.0,5.2,8.5,71,80,4.58,2.75,393,375,0.44,-0.127
2026-03-23,cagliari,Cagliari,IT,0.306,0.49,0.184,N/NW,N/NW,41.5,50.4,6.1,9.6,19,38,3.85,2.43,393,375,0.42,-0.114
2026-03-23,cajon_pass,Cajon Pass,US,0.339,0.527,0.188,N/NW,S/SE,55.0,69.4,4.4,7.9,56,129,5.37,2.94,393,375,0.48,-0.141
2026-03-23,castelo_branco,Castelo Branco,PT,0.337,0.505,0.168,N/NW,N/NW,34.4,54.9,7.6,9.4,43,53,3.11,2.5,393,375,0.4,-0.063
2026-03-23,coimbra,Coimbra,PT,0.25,0.331,0.081,NE/E,NE/E,35.7,42.8,4.9,6.5,31,53,4.84,3.64,392,376,0.41,-0.16
2026-03-23,evora,Évora,PT,0.425,0.518,0.093,N/NW,N/NW,41.7,52.8,8.9,10.1,32,53,2.63,2.3,393,375,0.46,-0.035
2026-03-23,faro,Faro,PT,0.273,0.301,0.028,NE/E,NE/E,35.9,33.6,6.0,6.8,34,52,3.91,3.46,393,375,0.43,-0.157
2026-03-23,livermore,Livermore — Altamont Pass,US,0.254,0.378,0.124,NE/E,S/SE,43.3,46.9,2.6,7.0,12,40,9.34,3.33,393,375,0.5,-0.246
2026-03-23,nuoro,Nuoro,IT,0.287,0.722,0.435,NE/E,W/SW,41.5,74.7,5.5,13.9,46,64,4.34,1.66,393,375,0.36,-0.073
2026-03-23,santa_barbara,Santa Barbara — Refugio,US,0.21,0.311,0.101,NE/E,N/NW,35.1,44.7,2.4,5.9,10,18,10.08,3.97,393,375,0.54,-0.33
2026-03-23,sassari,Sassari,IT,0.354,0.356,0.002,NE/E,W/SW,56.0,34.7,5.1,8.0,35,42,4.64,2.94,393,375,0.39,-0.036
2026-03-24,braganca,Bragança,PT,0.299,0.686,0.387,W/SW,NE/E,44.8,70.4,5.2,13.2,71,147,4.59,1.75,397,371,0.44,-0.141
2026-03-24,cagliari,Cagliari,IT,0.331,0.408,0.077,N/NW,N/NW,44.6,49.6,6.3,7.4,19,28,3.75,3.17,397,371,0.42,-0.089
2026-03-24,cajon_pass,Cajon Pass,US,0.327,0.523,0.196,N/NW,S/SE,53.1,62.0,4.2,8.8,56,115,5.68,2.65,397,371,0.48,-0.153
2026-03-24,castelo_branco,Castelo Branco,PT,0.317,0.502,0.185,NE/E,N/NW,33.2,56.3,7.2,9.0,43,54,3.26,2.59,397,371,0.4,-0.083
2026-03-24,evora,Évora,PT,0.372,0.551,0.179,N/NW,N/NW,38.3,53.4,7.9,11.2,32,42,2.96,2.07,397,371,0.46,-0.088
2026-03-24,faro,Faro,PT,0.309,0.442,0.133,NE/E,NE/E,39.3,52.6,6.4,7.9,34,39,3.69,2.98,397,371,0.43,-0.121
2026-03-24,livermore,Livermore — Altamont Pass,US,0.243,0.321,0.078,NE/E,S/SE,41.3,43.9,2.5,6.2,12,42,9.49,3.82,397,371,0.5,-0.257
2026-03-24,nuoro,Nuoro,IT,0.295,0.613,0.318,W/SW,W/SW,44.1,63.9,5.1,11.6,46,63,4.65,2.01,397,371,0.36,-0.065
2026-03-24,santa_barbara,Santa Barbara — Refugio,US,0.215,0.321,0.106,NE/E,N/NW,35.5,42.9,2.5,6.3,14,19,9.37,3.75,397,371,0.54,-0.325
2026-03-24,sassari,Sassari,IT,0.346,0.284,-0.062,NE/E,W/SW,53.9,30.7,5.2,6.7,35,29,4.53,3.49,397,371,0.39,-0.044
2026-03-30,braganca,Bragança,PT,0.321,0.229,-0.092,NE/E,W/SW,51.3,32.2,4.4,4.7,35,32,5.39,5.04,392,376,0.44,-0.119
2026-03-30,cagliari,Cagliari,IT,0.364,0.412,0.048,N/NW,N/NW,53.1,47.1,6.1,7.8,23,66,3.86,3.0,392,376,0.42,-0.056
2026-03-30,cajon_pass,Cajon Pass,US,0.252,0.554,0.302,N/NW,S/SE,39.0,57.0,3.9,10.6,56,55,6.06,2.17,392,376,0.48,-0.228
2026-03-30,castelo_branco,Castelo Branco,PT,0.491,0.427,-0.064,N/NW,N/NW,51.0,48.7,9.6,8.0,88,52,2.45,2.94,392,376,0.4,0.091
2026-03-30,evora,Évora,PT,0.473,0.463,-0.01,N/NW,N/NW,45.9,46.3,9.8,9.4,65,45,2.39,2.49,392,376,0.46,0.013
2026-03-30,faro,Faro,PT,0.366,0.319,-0.047,NE/E,NE/E,48.2,38.0,6.6,6.7,34,50,3.55,3.51,392,376,0.43,-0.064
2026-03-30,livermore,Livermore — Altamont Pass,US,0.251,0.357,0.106,NE/E,W/SW,42.3,45.9,2.7,6.6,19,34,8.82,3.51,392,376,0.5,-0.249
2026-03-30,nuoro,Nuoro,IT,0.356,0.562,0.206,W/SW,W/SW,54.1,56.4,5.9,11.1,65,61,4.04,2.11,392,376,0.36,-0.004
2026-03-30,santa_barbara,Santa Barbara — Refugio,US,0.226,0.472,0.246,NE/E,N/NW,37.0,61.9,2.8,7.4,14,19,8.45,3.13,392,376,0.54,-0.314
2026-03-30,sassari,Sassari,IT,0.431,0.276,-0.155,NE/E,N/NW,44.4,36.2,8.7,6.1,35,25,2.69,3.89,392,376,0.39,0.041
2026-04-06,braganca,Bragança,PT,0.261,0.262,0.001,NE/E,NE/E,40.6,37.2,4.0,5.2,19,29,5.94,4.53,392,376,0.44,-0.179
2026-04-06,cagliari,Cagliari,IT,0.53,0.429,-0.101,N/NW,N/NW,65.6,34.8,8.5,10.2,89,36,2.76,2.3,392,376,0.42,0.11
2026-04-06,cajon_pass,Cajon Pass,US,0.321,0.927,0.606,S/SE,S/SE,50.3,93.5,4.8,23.1,52,219,4.96,0.96,392,376,0.48,-0.159
2026-04-06,castelo_branco,Castelo Branco,PT,0.749,0.345,-0.404,N/NW,N/NW,75.0,34.8,15.1,7.7,141,87,1.53,3.06,392,376,0.4,0.349
2026-04-06,evora,Évora,PT,0.55,0.423,-0.127,N/NW,N/NW,65.6,47.9,9.1,8.0,67,53,2.57,2.94,392,376,0.46,0.09
2026-04-06,faro,Faro,PT,0.339,0.369,0.03,NE/E,N/NW,48.2,44.7,6.1,7.1,55,46,3.86,3.32,392,376,0.43,-0.091
2026-04-06,livermore,Livermore — Altamont Pass,US,0.239,0.648,0.409,W/SW,W/SW,40.3,75.9,2.5,10.6,19,69,9.37,2.17,392,376,0.5,-0.261
2026-04-06,nuoro,Nuoro,IT,0.44,0.726,0.286,W/SW,W/SW,57.4,47.9,7.3,20.9,65,108,3.24,1.09,392,376,0.36,0.08
2026-04-06,santa_barbara,Santa Barbara — Refugio,US,0.21,0.59,0.38,S/SE,N/NW,33.4,65.9,3.0,10.3,19,27,8.02,2.23,392,376,0.54,-0.33
2026-04-06,sassari,Sassari,IT,0.374,0.429,0.055,N/NW,NE/E,38.3,47.9,8.0,8.2,32,47,2.94,2.87,392,376,0.39,-0.016
2026-04-13,braganca,Bragança,PT,0.218,0.633,0.415,NE/E,W/SW,32.1,67.2,4.0,11.7,24,80,5.98,1.98,393,375,0.44,-0.222
2026-04-13,cagliari,Cagliari,IT,0.514,0.285,-0.229,N/NW,N/NW,64.9,36.0,8.2,6.2,89,19,2.87,3.78,393,375,0.42,0.094
2026-04-13,cajon_pass,Cajon Pass,US,0.46,0.715,0.255,S/SE,S/SE,64.6,74.0,6.9,13.7,96,89,3.42,1.66,393,375,0.48,-0.02
2026-04-13,castelo_branco,Castelo Branco,PT,0.564,0.395,-0.169,N/NW,W/SW,57.8,47.5,10.9,7.4,109,50,2.14,3.2,393,375,0.4,0.164
2026-04-13,evora,Évora,PT,0.521,0.605,0.084,N/NW,N/NW,59.5,53.6,9.1,13.4,58,118,2.56,1.73,393,375,0.46,0.061
2026-04-13,faro,Faro,PT,0.299,0.254,-0.045,N/NW,N/NW,34.6,34.7,6.7,5.5,61,17,3.54,4.29,393,375,0.43,-0.131
2026-04-13,livermore,Livermore — Altamont Pass,US,0.295,0.372,0.077,W/SW,W/SW,49.9,53.7,3.1,6.2,46,42,7.63,3.78,393,375,0.5,-0.205
2026-04-13,nuoro,Nuoro,IT,0.467,0.502,0.035,W/SW,W/SW,56.7,55.7,8.0,9.1,63,60,2.93,2.56,393,375,0.36,0.107
2026-04-13,santa_barbara,Santa Barbara — Refugio,US,0.225,0.398,0.173,N/NW,N/NW,36.1,55.6,3.1,6.5,19,24,7.76,3.58,393,375,0.54,-0.315
2026-04-13,sassari,Sassari,IT,0.355,0.287,-0.068,NE/E,S/SE,42.5,35.2,7.0,6.4,32,24,3.36,3.71,393,375,0.39,-0.035
2026-04-20,braganca,Bragança,PT,0.35,0.394,0.044,W/SW,NE/E,53.2,55.5,5.8,6.5,85,48,4.09,3.65,393,375,0.44,-0.09
2026-04-20,cagliari,Cagliari,IT,0.435,0.452,0.017,N/NW,NE/E,61.8,36.3,6.7,10.7,33,52,3.54,2.18,393,375,0.42,0.015
2026-04-20,cajon_pass,Cajon Pass,US,0.357,0.944,0.587,S/SE,S/SE,53.7,85.9,6.0,24.6,91,142,3.97,0.9,393,375,0.48,-0.123
2026-04-20,castelo_branco,Castelo Branco,PT,0.27,0.275,0.005,W/SW,N/NW,33.1,38.7,6.2,5.6,42,34,3.79,4.22,393,375,0.4,-0.13
2026-04-20,evora,Évora,PT,0.342,0.356,0.014,N/NW,N/NW,42.2,45.6,6.8,6.7,57,67,3.48,3.52,393,375,0.46,-0.118
2026-04-20,faro,Faro,PT,0.34,0.262,-0.078,NE/E,W/SW,39.4,34.7,7.0,6.0,61,49,3.36,3.97,393,375,0.43,-0.09
2026-04-20,livermore,Livermore — Altamont Pass,US,0.35,0.475,0.125,W/SW,W/SW,59.0,62.6,3.7,7.4,47,76,6.35,3.14,393,375,0.5,-0.15
2026-04-20,nuoro,Nuoro,IT,0.473,0.61,0.137,W/SW,NE/E,64.9,49.9,7.1,14.4,63,88,3.3,1.6,393,375,0.36,0.113
2026-04-20,santa_barbara,Santa Barbara — Refugio,US,0.249,0.491,0.242,N/NW,N/NW,39.4,62.1,3.6,7.9,35,41,6.66,2.94,393,375,0.54,-0.291
2026-04-20,sassari,Sassari,IT,0.29,0.405,0.115,NE/E,NE/E,41.2,43.2,5.8,8.2,18,30,4.09,2.88,393,375,0.39,-0.1
2026-04-27,braganca,Bragança,PT,0.348,0.425,0.077,W/SW,W/SW,55.5,53.6,4.9,7.4,85,60,4.89,3.2,393,375,0.44,-0.092
2026-04-27,cagliari,Cagliari,IT,0.327,0.375,0.048,N/NW,S/SE,48.9,48.3,5.7,6.8,33,20,4.15,3.46,393,375,0.42,-0.093
2026-04-27,cajon_pass,Cajon Pass,US,0.515,0.713,0.198,S/SE,S/SE,70.0,90.0,7.6,12.3,72,138,3.11,1.86,393,375,0.48,0.035
2026-04-27,castelo_branco,Castelo Branco,PT,0.263,0.425,0.162,W/SW,W/SW,37.2,38.9,5.3,9.4,42,35,4.46,2.5,393,375,0.4,-0.137
2026-04-27,evora,Évora,PT,0.396,0.415,0.019,N/NW,W/SW,47.3,53.9,7.4,7.1,57,47,3.18,3.33,393,375,0.46,-0.064
2026-04-27,faro,Faro,PT,0.257,0.417,0.16,N/NW,W/SW,32.6,52.0,6.0,7.4,51,59,3.91,3.2,393,375,0.43,-0.173
2026-04-27,livermore,Livermore — Altamont Pass,US,0.369,0.635,0.266,W/SW,W/SW,63.1,78.3,3.7,9.7,68,46,6.47,2.37,393,375,0.5,-0.131
2026-04-27,nuoro,Nuoro,IT,0.434,0.399,-0.035,W/SW,NE/E,52.4,50.7,7.7,7.1,63,42,3.05,3.33,393,375,0.36,0.074
2026-04-27,santa_barbara,Santa Barbara — Refugio,US,0.285,0.458,0.173,N/NW,N/NW,43.3,59.3,4.7,7.4,35,18,5.01,3.14,393,375,0.54,-0.255
2026-04-27,sassari,Sassari,IT,0.319,0.36,0.041,NE/E,NE/E,46.1,45.3,6.0,6.8,38,48,3.97,3.46,393,375,0.39,-0.071
2026-05-04,braganca,Bragança,PT,0.249,0.628,0.379,W/SW,W/SW,38.9,60.3,3.7,12.9,24,148,6.41,1.79,393,375,0.44,-0.191
2026-05-04,cagliari,Cagliari,IT,0.292,0.291,-0.001,S/SE,S/SE,41.2,31.5,5.9,6.8,18,37,4.03,3.46,393,375,0.42,-0.128
2026-05-04,cajon_pass,Cajon Pass,US,0.391,0.724,0.333,S/SE,S/SE,62.8,82.7,5.2,12.7,85,145,4.52,1.79,393,375,0.48,-0.089
2026-05-04,castelo_branco,Castelo Branco,PT,0.246,0.586,0.34,S/SE,W/SW,33.6,53.9,5.4,12.5,23,109,4.4,1.86,393,375,0.4,-0.154
2026-05-04,evora,Évora,PT,0.275,0.595,0.32,W/SW,W/SW,38.9,46.9,5.5,14.4,28,107,4.27,1.6,393,375,0.46,-0.185
2026-05-04,faro,Faro,PT,0.328,0.566,0.238,W/SW,W/SW,46.8,60.8,6.0,10.4,41,95,3.91,2.24,393,375,0.43,-0.102
2026-05-04,livermore,Livermore — Altamont Pass,US,0.416,0.699,0.283,W/SW,W/SW,72.0,75.1,3.8,12.7,78,64,6.23,1.79,393,375,0.5,-0.084
2026-05-04,nuoro,Nuoro,IT,0.428,0.637,0.209,NE/E,W/SW,52.4,69.9,7.6,11.4,63,118,3.11,2.05,393,375,0.36,0.068
2026-05-04,santa_barbara,Santa Barbara — Refugio,US,0.25,0.365,0.115,N/NW,N/NW,37.2,46.6,4.4,6.7,31,17,5.37,3.46,393,375,0.54,-0.29
2026-05-04,sassari,Sassari,IT,0.453,0.492,0.039,NE/E,S/SE,57.5,50.7,7.6,9.6,52,58,3.11,2.43,393,375,0.39,0.063
2026-05-11,braganca,Bragança,PT,0.26,0.351,0.091,W/SW,W/SW,40.4,40.1,4.0,7.2,71,36,5.91,3.27,394,374,0.44,-0.18
2026-05-11,cagliari,Cagliari,IT,0.307,0.382,0.075,S/SE,W/SW,48.2,38.8,4.5,8.1,18,30,5.24,2.89,394,374,0.42,-0.113
2026-05-11,cajon_pass,Cajon Pass,US,0.37,0.62,0.25,S/SE,S/SE,59.9,73.9,4.9,9.9,70,63,4.87,2.31,394,374,0.48,-0.11
2026-05-11,castelo_branco,Castelo Branco,PT,0.361,0.43,0.069,S/SE,N/NW,35.3,49.7,8.0,8.0,48,45,2.92,2.95,394,374,0.4,-0.039
2026-05-11,evora,Évora,PT,0.316,0.474,0.158,N/NW,N/NW,32.2,44.1,7.3,10.1,56,65,3.23,2.31,394,374,0.46,-0.144
2026-05-11,faro,Faro,PT,0.389,0.392,0.003,W/SW,W/SW,57.9,43.3,6.2,7.8,32,40,3.84,3.02,394,374,0.43,-0.041
2026-05-11,livermore,Livermore — Altamont Pass,US,0.527,0.504,-0.023,W/SW,W/SW,86.8,59.5,6.7,8.6,98,44,3.53,2.7,394,374,0.5,0.027
2026-05-11,nuoro,Nuoro,IT,0.396,0.83,0.434,NE/E,W/SW,52.8,82.9,6.8,17.8,41,149,3.47,1.28,394,374,0.36,0.036
2026-05-11,santa_barbara,Santa Barbara — Refugio,US,0.245,0.267,0.022,N/NW,N/NW,34.0,36.1,5.1,5.8,18,18,4.63,3.98,394,374,0.54,-0.295
2026-05-11,sassari,Sassari,IT,0.389,0.529,0.14,NE/E,W/SW,48.0,56.7,7.2,9.8,52,61,3.29,2.37,394,374,0.39,-0.001
2026-05-18,braganca,Bragança,PT,0.39,0.385,-0.005,W/SW,W/SW,63.0,50.7,5.1,6.8,71,45,4.62,3.47,395,373,0.44,-0.05
2026-05-18,cagliari,Cagliari,IT,0.234,0.271,0.037,N/NW,S/SE,32.2,33.5,5.0,6.2,32,28,4.74,3.8,395,373,0.42,-0.186
2026-05-18,cajon_pass,Cajon Pass,US,0.391,0.579,0.188,S/SE,S/SE,62.8,74.7,5.3,8.5,63,91,4.5,2.7,395,373,0.48,-0.089
2026-05-18,castelo_branco,Castelo Branco,PT,0.456,0.457,0.001,W/SW,W/SW,51.6,52.5,8.4,8.3,48,25,2.79,2.83,395,373,0.4,0.056
2026-05-18,evora,Évora,PT,0.425,0.419,-0.006,N/NW,W/SW,38.7,42.4,9.4,8.7,56,28,2.49,2.7,395,373,0.46,-0.035
2026-05-18,faro,Faro,PT,0.456,0.273,-0.183,W/SW,W/SW,61.3,35.1,7.2,6.1,38,40,3.28,3.86,395,373,0.43,0.026
2026-05-18,livermore,Livermore — Altamont Pass,US,0.579,0.768,0.189,W/SW,W/SW,84.8,86.1,7.9,14.7,77,205,2.98,1.54,395,373,0.5,0.079
2026-05-18,nuoro,Nuoro,IT,0.608,0.543,-0.065,W/SW,NE/E,67.8,56.6,10.7,10.4,199,72,2.19,2.25,395,373,0.36,0.248
2026-05-18,santa_barbara,Santa Barbara — Refugio,US,0.237,0.284,0.047,S/SE,N/NW,34.9,40.3,4.2,5.6,18,16,5.59,4.12,395,373,0.54,-0.303
2026-05-18,sassari,Sassari,IT,0.338,0.366,0.028,W/SW,N/NW,38.7,38.3,7.1,7.8,40,15,3.34,3.02,395,373,0.39,-0.052
2026-05-25,braganca,Bragança,PT,0.349,0.677,0.328,W/SW,W/SW,56.5,76.4,4.6,11.7,53,139,5.16,1.99,395,373,0.44,-0.091
2026-05-25,cagliari,Cagliari,IT,0.325,0.305,-0.02,N/NW,N/NW,48.4,44.0,5.7,5.8,33,21,4.13,4.05,395,373,0.42,-0.095
2026-05-25,cajon_pass,Cajon Pass,US,0.325,0.656,0.331,S/SE,S/SE,48.9,76.3,5.6,10.8,47,88,4.25,2.12,395,373,0.48,-0.155
2026-05-25,castelo_branco,Castelo Branco,PT,0.303,0.472,0.169,W/SW,W/SW,36.2,52.8,6.6,8.7,46,63,3.58,2.7,395,373,0.4,-0.097
2026-05-25,evora,Évora,PT,0.311,0.538,0.227,N/NW,N/NW,37.7,53.9,6.6,10.7,54,100,3.58,2.19,395,373,0.46,-0.149
2026-05-25,faro,Faro,PT,0.416,0.398,-0.018,W/SW,W/SW,41.0,40.8,8.8,8.3,68,61,2.67,2.83,395,373,0.43,-0.014
2026-05-25,livermore,Livermore — Altamont Pass,US,0.443,0.654,0.211,W/SW,W/SW,72.7,77.7,5.5,10.5,60,65,4.31,2.19,395,373,0.5,-0.057
2026-05-25,nuoro,Nuoro,IT,0.783,0.695,-0.088,W/SW,W/SW,78.7,76.1,15.8,12.4,269,143,1.46,1.87,395,373,0.36,0.423
2026-05-25,santa_barbara,Santa Barbara — Refugio,US,0.234,0.503,0.269,S/SE,N/NW,35.9,62.1,3.7,8.2,13,22,6.38,2.83,395,373,0.54,-0.306
2026-05-25,sassari,Sassari,IT,0.42,0.38,-0.04,W/SW,W/SW,43.0,38.6,8.6,8.1,40,43,2.73,2.9,395,373,0.39,0.03
2026-06-01,braganca,Bragança,PT,0.312,0.471,0.159,W/SW,W/SW,50.0,51.3,4.3,8.9,43,93,5.58,2.65,396,372,0.44,-0.128
2026-06-01,cagliari,Cagliari,IT,0.305,0.521,0.216,N/NW,N/NW,44.4,62.9,5.7,8.7,16,43,4.18,2.71,396,372,0.42,-0.115
2026-06-01,cajon_pass,Cajon Pass,US,0.55,0.676,0.126,S/SE,S/SE,63.6,82.5,9.4,10.9,111,68,2.48,2.13,396,372,0.48,0.07
2026-06-01,castelo_branco,Castelo Branco,PT,0.283,0.531,0.248,W/SW,N/NW,40.2,55.9,5.7,10.1,44,65,4.18,2.32,396,372,0.4,-0.117
2026-06-01,evora,Évora,PT,0.314,0.905,0.591,N/NW,N/NW,46.2,80.6,5.7,21.9,41,117,4.18,1.03,396,372,0.46,-0.146
2026-06-01,faro,Faro,PT,0.409,0.241,-0.168,NE/E,N/NW,49.5,31.7,7.5,5.6,98,19,3.15,4.19,396,372,0.43,-0.021
2026-06-01,livermore,Livermore — Altamont Pass,US,0.426,0.594,0.168,W/SW,W/SW,63.9,77.4,6.3,8.7,96,46,3.76,2.71,396,372,0.5,-0.074
2026-06-01,nuoro,Nuoro,IT,0.466,0.812,0.346,W/SW,W/SW,61.9,83.3,7.3,16.9,110,104,3.21,1.35,396,372,0.36,0.106
2026-06-01,santa_barbara,Santa Barbara — Refugio,US,0.28,0.331,0.051,N/NW,S/SE,42.4,40.1,4.7,6.8,18,15,5.09,3.48,396,372,0.54,-0.26
2026-06-01,sassari,Sassari,IT,0.312,0.429,0.117,NE/E,W/SW,30.1,51.1,7.5,7.8,50,22,3.15,3.03,396,372,0.39,-0.078
2026-06-08,braganca,Bragança,PT,0.391,0.368,-0.023,W/SW,NE/E,62.4,39.0,5.4,7.8,45,32,4.36,3.03,396,372,0.44,-0.049
2026-06-08,cagliari,Cagliari,IT,0.321,0.385,0.064,N/NW,S/SE,47.5,48.4,5.7,7.0,38,35,4.12,3.35,396,372,0.42,-0.099
2026-06-08,cajon_pass,Cajon Pass,US,0.411,0.711,0.3,S/SE,S/SE,64.9,80.9,5.9,12.2,111,93,4.0,1.87,396,372,0.48,-0.069
2026-06-08,castelo_branco,Castelo Branco,PT,0.399,0.392,-0.007,W/SW,N/NW,56.3,44.9,6.5,7.6,44,63,3.64,3.1,396,372,0.4,-0.001
2026-06-08,evora,Évora,PT,0.432,0.558,0.126,N/NW,N/NW,61.9,54.6,6.6,11.3,56,69,3.58,2.06,396,372,0.46,-0.028
2026-06-08,faro,Faro,PT,0.257,0.3,0.043,NE/E,NE/E,34.6,33.9,5.7,6.8,98,58,4.12,3.48,396,372,0.43,-0.173
2026-06-08,livermore,Livermore — Altamont Pass,US,0.574,0.793,0.219,W/SW,W/SW,84.6,86.9,7.8,15.9,95,212,3.03,1.42,396,372,0.5,0.074
2026-06-08,nuoro,Nuoro,IT,0.432,0.341,-0.091,W/SW,W/SW,60.9,40.9,6.7,6.9,95,36,3.52,3.42,396,372,0.36,0.072
2026-06-08,santa_barbara,Santa Barbara — Refugio,US,0.218,0.259,0.041,NE/E,N/NW,32.3,36.6,3.8,5.2,18,17,6.18,4.45,396,372,0.54,-0.322
2026-06-08,sassari,Sassari,IT,0.31,0.449,0.139,NE/E,N/NW,36.4,49.7,6.7,8.5,18,20,3.52,2.77,396,372,0.39,-0.08
2026-06-15,braganca,Bragança,PT,0.552,0.306,-0.246,W/SW,W/SW,68.0,45.3,8.8,5.5,45,33,2.66,4.33,397,371,0.44,0.112
2026-06-15,cagliari,Cagliari,IT,0.347,0.308,-0.039,N/NW,S/SE,48.9,44.7,6.2,5.8,38,17,3.81,4.08,397,371,0.42,-0.073
2026-06-15,cajon_pass,Cajon Pass,US,0.328,0.685,0.357,S/SE,S/SE,52.6,81.9,4.4,11.2,16,69,5.38,2.07,397,371,0.48,-0.152
2026-06-15,castelo_branco,Castelo Branco,PT,0.432,0.425,-0.007,W/SW,W/SW,56.2,51.8,7.2,7.6,39,38,3.26,3.11,397,371,0.4,0.032
2026-06-15,evora,Évora,PT,0.581,0.604,0.023,N/NW,W/SW,69.5,56.1,9.5,12.8,84,90,2.48,1.81,397,371,0.46,0.121
2026-06-15,faro,Faro,PT,0.302,0.311,0.009,W/SW,W/SW,44.3,45.6,5.5,5.7,58,35,4.29,4.14,397,371,0.43,-0.128
2026-06-15,livermore,Livermore — Altamont Pass,US,0.47,0.947,0.477,W/SW,W/SW,76.6,97.0,5.9,26.5,54,140,3.99,0.84,397,371,0.5,-0.03
2026-06-15,nuoro,Nuoro,IT,0.598,0.385,-0.213,W/SW,NE/E,71.5,49.9,9.7,6.9,95,21,2.42,3.43,397,371,0.36,0.238
2026-06-15,santa_barbara,Santa Barbara — Refugio,US,0.249,0.271,0.022,NE/E,N/NW,38.8,36.1,3.8,6.0,13,14,6.29,3.95,397,371,0.54,-0.291
2026-06-15,sassari,Sassari,IT,0.286,0.456,0.17,NE/E,N/NW,32.5,48.5,6.6,8.8,18,18,3.57,2.65,397,371,0.39,-0.104
2026-06-22,braganca,Bragança,PT,0.339,0.355,0.016,W/SW,NE/E,51.6,42.6,5.5,7.0,44,75,4.29,3.36,397,371,0.44,-0.101
2026-06-22,cagliari,Cagliari,IT,0.314,0.314,0.0,S/SE,N/NW,42.3,39.1,6.2,6.5,18,18,3.81,3.62,397,371,0.42,-0.106
2026-06-22,cajon_pass,Cajon Pass,US,0.364,0.626,0.262,S/SE,S/SE,57.2,76.5,5.4,9.8,15,66,4.41,2.39,397,371,0.48,-0.116
2026-06-22,castelo_branco,Castelo Branco,PT,0.278,0.436,0.158,W/SW,N/NW,42.8,41.8,4.4,9.3,39,106,5.44,2.52,397,371,0.4,-0.122
2026-06-22,evora,Évora,PT,0.368,0.555,0.187,N/NW,N/NW,55.2,52.3,6.0,11.6,84,68,3.93,2.01,397,371,0.46,-0.092
2026-06-22,faro,Faro,PT,0.282,0.33,0.048,W/SW,W/SW,40.3,39.9,5.5,6.7,58,38,4.29,3.49,397,371,0.43,-0.148
2026-06-22,livermore,Livermore — Altamont Pass,US,0.647,0.667,0.02,W/SW,W/SW,84.6,83.3,9.9,10.6,137,58,2.36,2.2,397,371,0.5,0.147
2026-06-22,nuoro,Nuoro,IT,0.476,0.433,-0.043,W/SW,W/SW,57.9,53.4,8.1,7.6,59,110,2.9,3.11,397,371,0.36,0.116
2026-06-22,santa_barbara,Santa Barbara — Refugio,US,0.214,0.271,0.057,NE/E,S/SE,32.2,36.1,3.6,6.0,13,17,6.53,3.95,397,371,0.54,-0.326
2026-06-22,sassari,Sassari,IT,0.399,0.311,-0.088,NE/E,N/NW,43.6,40.7,7.9,6.3,18,20,2.96,3.75,397,371,0.39,0.009
2026-06-29,braganca,Bragança,PT,0.312,0.447,0.135,W/SW,NE/E,49.2,55.9,4.5,7.6,32,53,5.27,3.1,396,372,0.44,-0.128
2026-06-29,cagliari,Cagliari,IT,0.351,0.342,-0.009,S/SE,S/SE,48.7,42.2,6.3,6.8,17,19,3.76,3.48,396,372,0.42,-0.069
2026-06-29,cajon_pass,Cajon Pass,US,0.391,0.68,0.289,S/SE,S/SE,61.6,77.6,5.7,11.4,40,62,4.18,2.0,396,372,0.48,-0.089
2026-06-29,castelo_branco,Castelo Branco,PT,0.292,0.421,0.129,W/SW,N/NW,46.7,50.8,4.0,7.6,30,21,5.94,3.1,396,372,0.4,-0.108
2026-06-29,evora,Évora,PT,0.279,0.323,0.044,N/NW,N/NW,37.6,38.4,6.0,6.8,40,33,3.94,3.48,396,372,0.46,-0.181
2026-06-29,faro,Faro,PT,0.31,0.308,-0.002,W/SW,NE/E,46.7,42.2,5.2,6.1,36,42,4.55,3.87,396,372,0.43,-0.12
2026-06-29,livermore,Livermore — Altamont Pass,US,0.867,0.692,-0.175,W/SW,W/SW,93.2,87.2,19.8,11.4,146,86,1.15,2.0,396,372,0.5,0.367
2026-06-29,nuoro,Nuoro,IT,0.317,0.401,0.084,W/SW,NE/E,47.0,45.4,5.7,7.8,59,38,4.18,3.03,396,372,0.36,-0.043
2026-06-29,santa_barbara,Santa Barbara — Refugio,US,0.222,0.298,0.076,S/SE,N/NW,33.3,42.6,3.8,5.8,13,17,6.3,4.0,396,372,0.54,-0.318
2026-06-29,sassari,Sassari,IT,0.425,0.29,-0.135,NE/E,N/NW,46.5,39.8,8.2,6.0,14,16,2.85,3.94,396,372,0.39,0.035
2026-07-06,braganca,Bragança,PT,0.288,0.635,0.347,NE/E,W/SW,42.3,73.2,5.3,10.7,50,121,4.5,2.19,395,373,0.44,-0.152
2026-07-06,cagliari,Cagliari,IT,0.302,0.407,0.105,N/NW,S/SE,42.3,49.1,6.0,7.5,17,22,3.95,3.15,395,373,0.42,-0.118
2026-07-06,cajon_pass,Cajon Pass,US,0.419,0.433,0.014,S/SE,S/SE,67.3,64.0,5.6,6.3,40,21,4.19,3.67,395,373,0.48,-0.061
2026-07-06,castelo_branco,Castelo Branco,PT,0.237,0.568,0.331,W/SW,W/SW,33.7,69.2,4.7,9.1,35,51,5.04,2.57,395,373,0.4,-0.163
2026-07-06,evora,Évora,PT,0.267,0.602,0.335,N/NW,N/NW,37.5,61.4,5.5,11.7,48,99,4.31,1.99,395,373,0.46,-0.193
2026-07-06,faro,Faro,PT,0.269,0.328,0.059,W/SW,W/SW,39.5,41.6,4.9,6.5,45,25,4.8,3.6,395,373,0.43,-0.161
2026-07-06,livermore,Livermore — Altamont Pass,US,0.661,0.96,0.299,W/SW,W/SW,92.4,96.7,10.4,33.4,146,111,2.25,0.64,395,373,0.5,0.161
2026-07-06,nuoro,Nuoro,IT,0.294,0.461,0.167,W/SW,NE/E,43.8,50.7,5.1,8.7,38,56,4.62,2.7,395,373,0.36,-0.066
2026-07-06,santa_barbara,Santa Barbara — Refugio,US,0.239,0.248,0.009,S/SE,S/SE,36.5,33.8,3.9,5.4,13,16,6.08,4.31,395,373,0.54,-0.301
2026-07-06,sassari,Sassari,IT,0.478,0.353,-0.125,N/NW,N/NW,46.3,39.4,9.9,7.3,17,40,2.37,3.22,395,373,0.39,0.088
2026-07-13,braganca,Bragança,PT,0.299,0.427,0.128,W/SW,W/SW,41.9,45.2,6.0,8.5,50,59,3.96,2.76,394,374,0.44,-0.141
2026-07-13,cagliari,Cagliari,IT,0.342,0.311,-0.031,N/NW,S/SE,45.2,43.6,6.5,6.0,23,17,3.65,3.91,394,374,0.42,-0.078
2026-07-13,cajon_pass,Cajon Pass,US,0.385,0.629,0.244,S/SE,S/SE,63.7,78.8,4.6,9.4,40,67,5.18,2.44,394,374,0.48,-0.095
2026-07-13,castelo_branco,Castelo Branco,PT,0.333,0.473,0.14,W/SW,W/SW,42.4,55.6,6.6,8.3,35,60,3.59,2.82,394,374,0.4,-0.067
2026-07-13,evora,Évora,PT,0.352,0.471,0.119,W/SW,W/SW,43.9,45.2,6.8,9.8,48,21,3.47,2.37,394,374,0.46,-0.108
2026-07-13,faro,Faro,PT,0.314,0.352,0.038,W/SW,W/SW,46.7,49.5,5.5,6.2,45,29,4.26,3.79,394,374,0.43,-0.116
2026-07-13,livermore,Livermore — Altamont Pass,US,0.505,0.925,0.42,W/SW,W/SW,87.1,95.4,6.3,23.0,100,204,3.78,0.96,394,374,0.5,0.005
2026-07-13,nuoro,Nuoro,IT,0.337,0.446,0.109,W/SW,W/SW,48.5,52.9,6.1,8.0,39,71,3.9,2.95,394,374,0.36,-0.023
2026-07-13,santa_barbara,Santa Barbara — Refugio,US,0.216,0.275,0.059,NE/E,S/SE,34.5,39.1,3.0,5.4,14,16,7.92,4.3,394,374,0.54,-0.324
2026-07-13,sassari,Sassari,IT,0.319,0.279,-0.04,N/NW,N/NW,31.7,35.0,7.4,6.2,24,19,3.17,3.79,394,374,0.39,-0.071
2026-07-20,braganca,Bragança,PT,0.352,0.394,0.042,W/SW,W/SW,54.1,43.9,5.6,7.8,42,51,4.2,3.02,394,374,0.44,-0.088
2026-07-20,cagliari,Cagliari,IT,0.31,0.413,0.103,S/SE,N/NW,43.1,48.9,6.1,7.6,42,43,3.9,3.08,394,374,0.42,-0.11
2026-07-20,cajon_pass,Cajon Pass,US,0.322,0.477,0.155,S/SE,S/SE,53.8,66.8,3.6,6.9,17,19,6.52,3.34,394,374,0.48,-0.158
2026-07-20,castelo_branco,Castelo Branco,PT,0.465,0.514,0.049,W/SW,W/SW,60.9,53.7,7.4,9.8,69,50,3.17,2.37,394,374,0.4,0.065
2026-07-20,evora,Évora,PT,0.488,0.434,-0.054,W/SW,N/NW,61.9,40.9,7.9,9.3,31,40,2.98,2.5,394,374,0.46,0.028
2026-07-20,faro,Faro,PT,0.387,0.31,-0.077,W/SW,W/SW,59.4,43.3,6.0,6.0,36,22,3.96,3.91,394,374,0.43,-0.043
2026-07-20,livermore,Livermore — Altamont Pass,US,0.5,0.703,0.203,W/SW,W/SW,86.3,82.3,6.2,11.9,100,60,3.84,1.93,394,374,0.5,0.0
2026-07-20,nuoro,Nuoro,IT,0.506,0.575,0.069,W/SW,W/SW,61.7,64.4,8.4,10.1,83,74,2.8,2.31,394,374,0.36,0.146
2026-07-20,santa_barbara,Santa Barbara — Refugio,US,0.222,0.305,0.083,NE/E,N/NW,36.3,39.4,2.8,6.2,14,17,8.59,3.72,394,374,0.54,-0.318
2026-07-20,sassari,Sassari,IT,0.219,0.248,0.029,S/SE,N/NW,28.2,32.9,5.3,5.8,24,20,4.45,4.11,394,374,0.39,-0.171
2026-07-27,braganca,Bragança,PT,0.403,0.572,0.169,W/SW,W/SW,57.4,68.4,6.5,9.3,46,106,3.65,2.5,394,374,0.44,-0.037
2026-07-27,cagliari,Cagliari,IT,0.296,0.417,0.121,S/SE,N/NW,43.4,55.6,5.4,6.9,42,39,4.39,3.4,394,374,0.42,-0.124
2026-07-27,cajon_pass,Cajon Pass,US,0.326,0.549,0.223,S/SE,S/SE,53.3,73.9,4.1,7.8,17,41,5.79,2.95,394,374,0.48,-0.154
2026-07-27,castelo_branco,Castelo Branco,PT,0.54,0.498,-0.042,W/SW,W/SW,66.0,58.0,8.8,8.7,69,67,2.68,2.7,394,374,0.4,0.14
2026-07-27,evora,Évora,PT,0.514,0.49,-0.024,W/SW,N/NW,53.8,50.5,9.8,9.6,40,38,2.38,2.44,394,374,0.46,0.054
2026-07-27,faro,Faro,PT,0.437,0.289,-0.148,W/SW,W/SW,71.6,42.8,5.4,5.1,28,21,4.39,4.62,394,374,0.43,0.007
2026-07-27,livermore,Livermore — Altamont Pass,US,0.479,0.902,0.423,W/SW,W/SW,84.5,95.9,5.4,21.6,74,118,4.39,1.03,394,374,0.5,-0.021
2026-07-27,nuoro,Nuoro,IT,0.637,0.517,-0.12,W/SW,W/SW,72.1,61.8,10.9,8.7,110,67,2.13,2.7,394,374,0.36,0.277
2026-07-27,santa_barbara,Santa Barbara — Refugio,US,0.22,0.322,0.102,S/SE,S/SE,36.0,48.1,2.7,5.6,18,17,8.71,4.17,394,374,0.54,-0.32
2026-07-27,sassari,Sassari,IT,0.199,0.349,0.15,N/NW,N/NW,28.7,32.1,3.8,8.1,13,20,6.27,2.89,394,374,0.39,-0.191
2026-08-03,braganca,Bragança,PT,0.439,0.441,0.002,W/SW,W/SW,58.1,50.5,7.2,8.1,46,69,3.29,2.89,394,374,0.44,-0.001
2026-08-03,cagliari,Cagliari,IT,0.332,0.398,0.066,N/NW,N/NW,49.5,43.3,5.8,8.0,24,45,4.08,2.95,394,374,0.42,-0.088
2026-08-03,cajon_pass,Cajon Pass,US,0.329,0.633,0.304,S/SE,S/SE,51.8,79.6,4.8,9.4,16,67,4.93,2.44,394,374,0.48,-0.151
2026-08-03,castelo_branco,Castelo Branco,PT,0.472,0.685,0.213,W/SW,W/SW,58.6,77.8,7.9,11.7,46,76,2.98,1.99,394,374,0.4,0.072
2026-08-03,evora,Évora,PT,0.441,0.486,0.045,W/SW,W/SW,47.5,57.0,8.6,8.5,40,34,2.74,2.76,394,374,0.46,-0.019
2026-08-03,faro,Faro,PT,0.377,0.549,0.172,W/SW,W/SW,59.9,68.2,5.3,8.7,43,48,4.45,2.7,394,374,0.43,-0.053
2026-08-03,livermore,Livermore — Altamont Pass,US,0.538,0.952,0.414,W/SW,W/SW,84.8,95.4,6.9,28.3,67,146,3.41,0.77,394,374,0.5,0.038
2026-08-03,nuoro,Nuoro,IT,0.572,0.479,-0.093,W/SW,W/SW,71.1,49.7,9.0,9.3,85,67,2.62,2.5,394,374,0.36,0.212
2026-08-03,santa_barbara,Santa Barbara — Refugio,US,0.235,0.259,0.024,NE/E,S/SE,37.6,33.4,3.2,5.9,18,16,7.37,3.91,394,374,0.54,-0.305
2026-08-03,sassari,Sassari,IT,0.238,0.295,0.057,N/NW,N/NW,34.0,35.8,4.6,6.4,15,57,5.12,3.66,394,374,0.39,-0.152
