week,station_id,station_name,country,n_pairs,bias_ws,rmse_ws,mae_ws,bias_wg,rmse_wg,mae_wg,rmse_wd,mae_wd,bias_t,rmse_t,bias_rh,rmse_rh,regime_hit_rate
2026-03-30,braganca,Bragança,PT,167,0.72,4.316,2.808,5.984,13.114,8.443,56.87,36.67,0.419,2.216,-2.856,11.058,0.683
2026-03-30,cagliari,Cagliari,IT,167,-0.099,4.921,3.551,-1.211,10.414,7.472,44.62,25.37,0.249,1.502,0.497,7.192,0.659
2026-03-30,cajon_pass,Cajon Pass,US,167,-4.193,6.421,5.244,-7.838,10.801,8.579,52.37,36.4,-0.353,1.688,-0.407,8.672,0.695
2026-03-30,castelo_branco,Castelo Branco,PT,167,-3.653,6.989,4.682,-6.98,13.539,9.149,32.23,17.5,0.099,1.864,1.317,6.71,0.862
2026-03-30,evora,Évora,PT,167,-0.744,3.109,2.42,-1.508,6.257,4.792,25.82,18.71,-0.313,1.515,2.437,10.107,0.844
2026-03-30,faro,Faro,PT,167,-0.067,3.771,2.681,-0.956,7.024,4.835,35.98,24.55,0.167,1.116,-1.138,11.749,0.766
2026-03-30,livermore,Livermore — Altamont Pass,US,167,0.911,3.354,2.632,-1.503,6.041,4.654,72.17,51.35,-1.659,2.952,4.299,12.425,0.407
2026-03-30,nuoro,Nuoro,IT,167,0.86,4.17,2.939,3.549,11.067,7.941,49.28,31.24,-0.181,1.513,0.102,9.751,0.76
2026-03-30,santa_barbara,Santa Barbara — Refugio,US,167,-0.054,3.838,3.006,-2.404,4.476,3.622,73.25,56.5,1.914,3.621,-26.263,34.318,0.467
2026-03-30,sassari,Sassari,IT,167,-1.238,5.604,3.901,-4.275,9.942,7.617,68.59,46.71,-0.196,1.829,2.743,12.956,0.557
2026-04-06,braganca,Bragança,PT,168,-0.233,2.497,1.82,2.386,6.527,3.983,76.77,56.26,0.291,1.317,0.024,6.661,0.47
2026-04-06,cagliari,Cagliari,IT,168,-0.761,4.487,3.43,-2.346,10.034,7.765,24.61,13.1,-0.371,1.306,1.94,8.255,0.756
2026-04-06,cajon_pass,Cajon Pass,US,168,-4.269,8.342,6.435,-9.844,14.119,11.173,46.76,32.08,-0.657,2.138,2.083,16.49,0.756
2026-04-06,castelo_branco,Castelo Branco,PT,168,-0.777,2.986,1.984,-1.384,5.487,3.966,34.17,19.58,-0.28,1.091,5.054,10.237,0.857
2026-04-06,evora,Évora,PT,168,0.301,2.745,1.984,0.357,4.899,3.713,27.61,17.45,-0.287,1.03,4.696,8.477,0.792
2026-04-06,faro,Faro,PT,168,-0.921,2.893,2.176,-2.327,5.883,4.498,33.29,21.36,0.419,1.275,0.512,12.684,0.756
2026-04-06,livermore,Livermore — Altamont Pass,US,168,0.742,4.317,3.454,-2.099,7.694,5.839,68.17,49.55,-1.54,2.745,-5.113,13.559,0.494
2026-04-06,nuoro,Nuoro,IT,168,0.94,3.388,2.346,2.446,7.87,5.79,42.87,24.06,-0.379,0.978,2.833,7.694,0.851
2026-04-06,santa_barbara,Santa Barbara — Refugio,US,168,-0.925,9.112,6.545,-7.984,16.447,10.242,58.84,42.14,-2.504,3.367,6.03,19.106,0.661
2026-04-06,sassari,Sassari,IT,168,0.467,4.234,3.196,-1.743,8.123,5.938,38.7,26.73,-0.627,1.198,8.28,16.008,0.607
2026-04-13,braganca,Bragança,PT,169,-1.849,5.793,4.382,-0.162,8.308,5.915,64.13,49.24,-0.246,1.673,-1.882,9.861,0.562
2026-04-13,cagliari,Cagliari,IT,169,3.021,5.723,3.659,4.641,10.646,6.684,42.71,23.72,-0.859,1.762,9.503,15.072,0.852
2026-04-13,cajon_pass,Cajon Pass,US,169,-6.697,9.998,8.143,-14.392,18.264,15.22,53.93,32.76,-0.983,1.818,6.781,14.929,0.805
2026-04-13,castelo_branco,Castelo Branco,PT,169,1.122,5.028,3.802,1.822,10.058,7.745,42.74,31.75,0.547,1.627,-5.734,11.749,0.645
2026-04-13,evora,Évora,PT,169,2.625,5.296,4.109,2.86,8.894,6.996,50.41,31.88,0.957,1.904,-9.639,14.264,0.71
2026-04-13,faro,Faro,PT,169,3.513,8.047,5.411,4.036,11.225,7.793,65.15,44.43,0.651,1.888,-2.746,8.775,0.586
2026-04-13,livermore,Livermore — Altamont Pass,US,169,1.727,6.88,5.424,-2.597,12.086,9.008,57.25,41.12,-1.073,2.255,-0.663,13.514,0.609
2026-04-13,nuoro,Nuoro,IT,169,2.541,4.846,3.291,9.859,16.002,10.502,37.75,21.8,-0.983,1.936,4.148,11.035,0.888
2026-04-13,santa_barbara,Santa Barbara — Refugio,US,169,1.437,11.0,8.239,-2.978,17.258,13.204,79.01,59.72,-1.324,3.116,1.515,22.053,0.497
2026-04-13,sassari,Sassari,IT,169,0.299,2.493,1.87,-0.972,6.539,4.876,39.32,26.19,-1.312,2.092,10.012,13.025,0.775
2026-04-20,braganca,Bragança,PT,168,0.157,4.275,2.651,5.596,15.518,8.379,64.66,36.8,-0.298,1.723,2.423,7.38,0.768
2026-04-20,cagliari,Cagliari,IT,168,-1.857,4.405,3.323,-2.848,7.645,5.74,58.59,33.46,0.183,1.119,2.667,7.431,0.589
2026-04-20,cajon_pass,Cajon Pass,US,168,-0.713,6.206,4.618,-4.783,9.838,7.489,72.76,50.11,-2.018,3.038,4.339,16.576,0.661
2026-04-20,castelo_branco,Castelo Branco,PT,168,0.074,2.503,1.832,0.773,4.452,3.238,40.72,24.31,-0.143,1.205,-0.131,6.998,0.798
2026-04-20,evora,Évora,PT,168,0.561,2.932,2.088,1.534,6.116,4.358,68.03,42.01,-0.269,1.241,-2.06,8.116,0.649
2026-04-20,faro,Faro,PT,168,-1.616,3.77,2.507,-3.011,7.161,4.794,45.07,25.96,0.471,0.76,-1.815,7.273,0.589
2026-04-20,livermore,Livermore — Altamont Pass,US,168,1.461,5.179,4.208,1.441,9.141,6.972,66.18,48.14,-3.333,4.773,13.56,22.638,0.565
2026-04-20,nuoro,Nuoro,IT,168,-0.03,2.313,1.651,1.624,5.077,3.727,59.64,36.99,0.202,1.015,3.345,11.848,0.726
2026-04-20,santa_barbara,Santa Barbara — Refugio,US,168,2.842,8.768,6.32,-1.756,11.526,7.527,74.43,56.42,-2.064,3.071,-0.738,24.257,0.506
2026-04-20,sassari,Sassari,IT,168,-0.036,2.278,1.666,-2.282,6.311,4.738,38.0,27.35,-0.451,1.257,8.095,15.218,0.625
2026-04-27,braganca,Bragança,PT,168,0.251,3.529,2.587,3.97,11.274,8.396,67.05,49.27,-0.377,1.621,5.208,13.635,0.518
2026-04-27,cagliari,Cagliari,IT,168,0.935,3.645,2.66,0.934,6.612,5.102,62.88,38.3,0.834,1.598,-4.887,11.46,0.744
2026-04-27,cajon_pass,Cajon Pass,US,168,-7.814,12.526,10.243,-16.172,22.083,17.965,49.66,30.26,-0.477,1.841,6.393,15.148,0.833
2026-04-27,castelo_branco,Castelo Branco,PT,168,-0.981,3.942,2.979,-1.786,7.272,5.276,67.46,48.89,-0.599,2.003,5.798,14.768,0.5
2026-04-27,evora,Évora,PT,168,-1.284,4.764,3.597,-2.349,9.041,7.076,70.33,53.73,-0.779,2.326,6.619,15.126,0.506
2026-04-27,faro,Faro,PT,168,-0.383,3.357,2.63,-0.915,5.373,4.327,54.28,35.35,-0.084,1.219,1.185,7.485,0.631
2026-04-27,livermore,Livermore — Altamont Pass,US,168,2.09,5.694,4.471,1.09,9.351,7.262,55.9,35.32,-0.65,1.912,1.94,12.287,0.661
2026-04-27,nuoro,Nuoro,IT,168,-0.546,2.955,2.105,-0.273,5.504,3.817,66.43,39.01,0.155,0.901,3.22,9.939,0.69
2026-04-27,santa_barbara,Santa Barbara — Refugio,US,168,-2.895,9.093,6.608,-12.069,18.243,13.451,41.95,28.8,-1.462,2.574,7.607,19.989,0.738
2026-04-27,sassari,Sassari,IT,168,0.261,1.937,1.366,-0.785,4.714,3.717,27.28,18.39,0.031,1.088,2.81,11.346,0.857
2026-05-04,braganca,Bragança,PT,168,-0.079,3.664,2.795,1.642,6.702,4.584,55.02,40.57,0.652,1.557,-0.845,7.728,0.56
2026-05-04,cagliari,Cagliari,IT,168,-1.235,4.273,2.913,-3.64,9.527,6.826,72.15,46.58,0.105,1.667,7.44,13.194,0.643
2026-05-04,cajon_pass,Cajon Pass,US,168,-3.103,7.633,6.264,-7.788,12.932,10.46,88.84,63.6,-2.208,2.98,9.524,20.517,0.518
2026-05-04,castelo_branco,Castelo Branco,PT,168,-0.736,3.996,2.93,-2.378,8.213,5.827,57.42,41.58,1.277,2.21,-4.036,10.493,0.583
2026-05-04,evora,Évora,PT,168,0.17,3.627,2.832,-1.264,7.299,5.492,56.31,39.49,0.683,1.56,0.762,6.823,0.595
2026-05-04,faro,Faro,PT,168,-0.966,4.403,3.143,-3.21,8.578,6.274,59.69,37.31,0.961,1.341,0.381,5.203,0.649
2026-05-04,livermore,Livermore — Altamont Pass,US,168,2.664,5.118,4.061,3.779,10.943,7.655,46.48,34.43,-1.425,2.088,0.583,8.504,0.732
2026-05-04,nuoro,Nuoro,IT,168,-1.098,4.193,3.07,-1.464,8.03,5.922,66.33,40.32,0.654,1.411,5.518,12.26,0.696
2026-05-04,santa_barbara,Santa Barbara — Refugio,US,168,2.344,9.197,7.07,-5.137,14.585,9.74,78.5,62.11,-1.18,2.769,-0.964,20.282,0.464
2026-05-04,sassari,Sassari,IT,168,-0.723,3.257,2.16,-2.899,7.897,5.767,42.76,25.73,-0.293,1.258,7.994,15.118,0.762
2026-05-11,braganca,Bragança,PT,169,2.828,4.526,3.249,7.423,13.275,8.654,67.83,45.95,-0.521,1.444,-3.627,9.705,0.55
2026-05-11,cagliari,Cagliari,IT,169,-0.073,5.566,3.989,-0.724,10.259,7.485,64.81,44.14,0.472,1.25,-1.059,6.744,0.598
2026-05-11,cajon_pass,Cajon Pass,US,169,-3.18,8.046,6.144,-6.961,12.127,9.622,75.43,52.47,-0.347,1.461,-3.633,10.885,0.592
2026-05-11,castelo_branco,Castelo Branco,PT,169,-0.002,2.844,2.224,-0.676,6.371,4.917,28.27,20.17,-0.611,1.131,-2.302,5.982,0.746
2026-05-11,evora,Évora,PT,169,2.686,4.595,3.458,2.33,6.813,5.119,26.44,17.44,-0.721,1.362,1.166,7.369,0.734
2026-05-11,faro,Faro,PT,169,4.184,7.988,5.416,3.518,11.274,7.585,33.96,22.47,-0.357,1.052,0.882,7.611,0.811
2026-05-11,livermore,Livermore — Altamont Pass,US,169,1.267,3.349,2.763,0.733,5.609,4.33,56.46,43.73,1.26,3.89,-11.669,21.505,0.615
2026-05-11,nuoro,Nuoro,IT,169,-0.116,7.331,4.614,4.13,16.358,11.295,66.16,42.86,0.634,1.667,-1.166,8.607,0.71
2026-05-11,santa_barbara,Santa Barbara — Refugio,US,169,-0.959,7.522,5.286,-6.15,13.373,8.627,78.59,63.36,1.588,3.76,-16.373,28.382,0.485
2026-05-11,sassari,Sassari,IT,169,-0.009,4.177,3.28,-2.943,9.0,6.393,56.51,37.66,0.02,1.171,3.811,11.807,0.704
2026-05-18,braganca,Bragança,PT,169,-1.436,5.139,3.354,0.696,10.876,7.147,86.05,59.64,0.149,1.284,1.124,9.009,0.58
2026-05-18,cagliari,Cagliari,IT,169,-0.159,4.008,3.061,-2.082,8.734,6.491,30.25,19.86,-0.234,0.907,1.781,7.246,0.675
2026-05-18,cajon_pass,Cajon Pass,US,169,-5.37,9.418,7.972,-11.62,16.462,13.531,63.12,39.91,2.39,5.312,-16.698,32.486,0.71
2026-05-18,castelo_branco,Castelo Branco,PT,169,-0.891,4.181,2.989,-1.47,8.382,5.659,44.81,34.93,0.519,1.307,1.178,8.006,0.491
2026-05-18,evora,Évora,PT,169,-3.721,6.4,4.63,-7.775,12.894,8.946,30.1,19.52,1.047,1.555,-1.189,6.401,0.746
2026-05-18,faro,Faro,PT,169,-3.033,5.164,3.771,-7.182,10.552,7.833,44.87,31.2,0.263,1.618,5.68,12.1,0.633
2026-05-18,livermore,Livermore — Altamont Pass,US,169,-1.078,6.229,4.424,-3.807,13.305,8.62,60.6,40.72,-0.68,2.463,-0.272,14.859,0.657
2026-05-18,nuoro,Nuoro,IT,169,2.064,6.797,5.159,5.464,14.464,11.163,16.32,7.91,-0.133,1.102,2.669,6.172,0.97
2026-05-18,santa_barbara,Santa Barbara — Refugio,US,169,1.852,6.548,5.271,-5.412,11.599,7.602,95.14,77.33,0.739,3.243,-12.036,25.65,0.391
2026-05-18,sassari,Sassari,IT,169,3.324,6.091,4.112,2.102,9.401,6.527,29.05,18.79,0.229,0.905,-3.858,8.985,0.817
